image_name,steering_angle
20250622_103927_037188.jpg,-0.01
20250622_103927_097457.jpg,-0.02
20250622_103928_278640.jpg,-0.03
20250622_103928_346989.jpg,-0.04
20250622_103934_713654.jpg,-0.05
20250622_103934_774940.jpg,-0.060000000000000005
20250622_103937_781301.jpg,-0.07
20250622_103937_847424.jpg,-0.08
20250622_103941_469595.jpg,-0.07
20250622_103941_527775.jpg,-0.060000000000000005
20250622_103943_217269.jpg,-0.05
20250622_103943_277127.jpg,-0.04
20250622_103946_008675.jpg,-0.05
20250622_103946_077119.jpg,-0.060000000000000005
20250622_103949_067583.jpg,-0.07
20250622_103949_127855.jpg,-0.08
20250622_103951_491457.jpg,-0.07
20250622_103951_553674.jpg,-0.060000000000000005
20250622_103953_497783.jpg,-0.07
20250622_103953_557456.jpg,-0.08
20250622_103955_567784.jpg,-0.07
20250622_103955_671807.jpg,-0.060000000000000005
20250622_103959_723995.jpg,-0.05
20250622_103959_777623.jpg,-0.04
20250622_104002_234604.jpg,-0.05
20250622_104002_301366.jpg,-0.060000000000000005
20250622_104009_001282.jpg,-0.05
20250622_104009_067603.jpg,-0.04
20250622_104010_627801.jpg,-0.03
20250622_104010_707222.jpg,-0.019999999999999997
20250622_104012_167568.jpg,-0.009999999999999997
20250622_104013_373170.jpg,3.469446951953614e-18
20250622_104013_443783.jpg,0.010000000000000004
20250622_104013_507479.jpg,0.020000000000000004
20250622_104017_358930.jpg,0.010000000000000004
20250622_104019_410096.jpg,3.469446951953614e-18
20250622_104222_597329.jpg,-0.009999999999999997
20250622_104223_487124.jpg,-0.019999999999999997
20250622_104223_587534.jpg,-0.03
20250622_104223_656031.jpg,-0.04
20250622_104226_435434.jpg,-0.03
20250622_104233_607609.jpg,-0.019999999999999997
20250622_104238_857685.jpg,-0.03
20250622_104242_147656.jpg,-0.04
20250622_104251_477645.jpg,-0.03
20250622_104251_537338.jpg,-0.019999999999999997
20250622_104256_397775.jpg,-0.03
20250622_104256_477394.jpg,-0.04
20250622_104256_542421.jpg,-0.05
20250622_104258_629017.jpg,-0.04
20250622_104258_692360.jpg,-0.03
20250622_104302_700418.jpg,-0.04
20250622_104305_137432.jpg,-0.03
20250622_104341_634712.jpg,-0.019999999999999997
20250622_104342_990575.jpg,-0.009999999999999997
20250622_104343_062303.jpg,3.469446951953614e-18
20250622_104345_101968.jpg,0.010000000000000004
20250622_104346_801151.jpg,3.469446951953614e-18
20250622_104410_037605.jpg,-0.009999999999999997
20250622_104413_367292.jpg,3.469446951953614e-18
20250622_104428_303161.jpg,0.010000000000000004
20250622_104429_298566.jpg,3.469446951953614e-18
20250622_104444_627305.jpg,0.010000000000000004
20250622_104447_453474.jpg,3.469446951953614e-18
20250622_104457_450268.jpg,-0.009999999999999997
20250622_104511_859132.jpg,-0.019999999999999997
20250622_104512_585913.jpg,-0.03
20250622_104513_677823.jpg,-0.04
20250622_104514_548566.jpg,-0.05
20250622_104515_387426.jpg,-0.060000000000000005
20250622_104515_472445.jpg,-0.07
20250622_104515_807848.jpg,-0.08
20250622_104525_868674.jpg,-0.07
20250622_104525_988332.jpg,-0.060000000000000005
20250622_104529_307438.jpg,-0.05
20250622_104529_377433.jpg,-0.04
20250622_104532_137625.jpg,-0.05
20250622_104532_249542.jpg,-0.060000000000000005
20250622_104537_237538.jpg,-0.07
20250622_104537_309853.jpg,-0.08
20250622_104540_259279.jpg,-0.07
20250622_104545_007333.jpg,-0.060000000000000005
20250622_104545_077608.jpg,-0.05
20250622_104547_107500.jpg,-0.060000000000000005
20250622_104547_217680.jpg,-0.07
20250622_104551_377387.jpg,-0.060000000000000005
20250622_104555_377786.jpg,-0.05
20250622_104555_447732.jpg,-0.04
20250622_104558_018727.jpg,-0.03
20250622_104558_087830.jpg,-0.019999999999999997
20250622_104558_157446.jpg,-0.009999999999999997
20250622_104558_799384.jpg,3.469446951953614e-18
20250622_104558_867799.jpg,0.010000000000000004
20250622_104600_168016.jpg,0.020000000000000004
20250622_104600_296220.jpg,0.030000000000000006
20250622_104602_038701.jpg,0.020000000000000004
20250622_104603_337656.jpg,0.010000000000000004
20250622_104615_986475.jpg,3.469446951953614e-18
20250622_104616_061029.jpg,-0.009999999999999997
20250622_104616_970311.jpg,-0.019999999999999997
20250622_104617_047491.jpg,-0.03
20250622_104618_937356.jpg,-0.019999999999999997
20250622_104619_007791.jpg,-0.009999999999999997
20250622_104619_952732.jpg,3.469446951953614e-18
20250622_104620_049543.jpg,0.010000000000000004
20250622_104621_095961.jpg,0.020000000000000004
20250622_104621_183589.jpg,0.030000000000000006
20250622_104623_517313.jpg,0.04000000000000001
20250622_104623_621876.jpg,0.05000000000000001
20250622_104625_067754.jpg,0.06000000000000001
20250622_104625_127986.jpg,0.07
20250622_104625_206644.jpg,0.08
20250622_104626_640729.jpg,0.09
20250622_104628_061489.jpg,0.09999999999999999
20250622_104628_129316.jpg,0.10999999999999999
20250622_104628_973520.jpg,0.11999999999999998
20250622_104629_044062.jpg,0.12999999999999998
20250622_104631_178288.jpg,0.11999999999999998
20250622_104631_239054.jpg,0.10999999999999999
20250622_104632_451265.jpg,0.09999999999999999
20250622_104632_520625.jpg,0.09
20250622_104634_137995.jpg,0.08
20250622_104634_210790.jpg,0.07
20250622_104636_217657.jpg,0.060000000000000005
20250622_104636_288076.jpg,0.05
20250622_104637_131834.jpg,0.060000000000000005
20250622_104638_124212.jpg,0.07
20250622_104638_189806.jpg,0.08
20250622_104640_878389.jpg,0.09
20250622_104640_942784.jpg,0.09999999999999999
20250622_104641_008073.jpg,0.10999999999999999
20250622_104642_150877.jpg,0.11999999999999998
20250622_104643_784468.jpg,0.12999999999999998
20250622_104645_790763.jpg,0.11999999999999998
20250622_104645_857729.jpg,0.10999999999999999
20250622_104646_367559.jpg,0.09999999999999999
20250622_104646_467225.jpg,0.09
20250622_104646_877303.jpg,0.08
20250622_104646_951740.jpg,0.07
20250622_104648_034870.jpg,0.060000000000000005
20250622_104648_887821.jpg,0.05
20250622_104648_957790.jpg,0.04
20250622_104649_493526.jpg,0.03
20250622_104649_562573.jpg,0.019999999999999997
20250622_104649_754353.jpg,0.009999999999999997
20250622_104649_829410.jpg,-3.469446951953614e-18
20250622_104650_661815.jpg,-0.010000000000000004
20250622_104650_809596.jpg,-0.020000000000000004
20250622_104650_901567.jpg,-0.030000000000000006
20250622_104651_167866.jpg,-0.04000000000000001
20250622_104651_227782.jpg,-0.05000000000000001
20250622_104651_287970.jpg,-0.06000000000000001
20250622_104651_397327.jpg,-0.07
20250622_104651_465280.jpg,-0.08
20250622_104651_917869.jpg,-0.09
20250622_104652_032233.jpg,-0.09999999999999999
20250622_104652_100865.jpg,-0.10999999999999999
20250622_104653_180179.jpg,-0.09999999999999999
20250622_104653_242440.jpg,-0.09
20250622_104654_799908.jpg,-0.08
20250622_104654_857588.jpg,-0.07
20250622_104654_918051.jpg,-0.060000000000000005
20250622_104655_460910.jpg,-0.05
20250622_104655_537551.jpg,-0.04
20250622_104703_093201.jpg,-0.05
20250622_104703_156420.jpg,-0.060000000000000005
20250622_104704_446710.jpg,-0.07
20250622_104704_514558.jpg,-0.08
20250622_104705_387787.jpg,-0.09
20250622_104705_447857.jpg,-0.09999999999999999
20250622_104706_347888.jpg,-0.09
20250622_104706_413070.jpg,-0.08
20250622_104707_646889.jpg,-0.07
20250622_104707_706281.jpg,-0.060000000000000005
20250622_104718_172720.jpg,-0.07
20250622_104719_867546.jpg,-0.08
20250622_104719_968466.jpg,-0.09
20250622_104721_041802.jpg,-0.08
20250622_104722_741943.jpg,-0.07
20250622_104725_271063.jpg,-0.060000000000000005
20250622_104726_027700.jpg,-0.05
20250622_104726_098015.jpg,-0.04
20250622_104727_389878.jpg,-0.05
20250622_104727_453244.jpg,-0.060000000000000005
20250622_104728_287647.jpg,-0.05
20250622_104729_910118.jpg,-0.060000000000000005
20250622_104729_978327.jpg,-0.07
20250622_104731_197564.jpg,-0.060000000000000005
20250622_104734_812655.jpg,-0.07
20250622_104736_313738.jpg,-0.08
20250622_104736_378167.jpg,-0.09
20250622_104736_447781.jpg,-0.09999999999999999
20250622_104738_028073.jpg,-0.09
20250622_104738_097688.jpg,-0.08
20250622_104738_963935.jpg,-0.07
20250622_104739_035630.jpg,-0.060000000000000005
20250622_104739_929500.jpg,-0.05
20250622_104739_997720.jpg,-0.04
20250622_104742_747680.jpg,-0.05
20250622_104742_859969.jpg,-0.060000000000000005
20250622_104747_586384.jpg,-0.07
20250622_104747_649090.jpg,-0.08
20250622_104748_587335.jpg,-0.09
20250622_104748_657594.jpg,-0.09999999999999999
20250622_104748_728202.jpg,-0.10999999999999999
20250622_104749_691310.jpg,-0.09999999999999999
20250622_104749_757605.jpg,-0.09
20250622_104750_595568.jpg,-0.08
20250622_104750_660501.jpg,-0.07
20250622_104753_197347.jpg,-0.060000000000000005
20250622_104753_308420.jpg,-0.05
20250622_104757_127849.jpg,-0.060000000000000005
20250622_104757_195325.jpg,-0.07
20250622_104757_257883.jpg,-0.08
20250622_104758_712459.jpg,-0.07
20250622_104758_782796.jpg,-0.060000000000000005
20250622_104805_602520.jpg,-0.05
20250622_104805_677740.jpg,-0.04
20250622_104808_526869.jpg,-0.03
20250622_104808_598138.jpg,-0.019999999999999997
20250622_104808_667617.jpg,-0.009999999999999997
20250622_104815_058167.jpg,3.469446951953614e-18
20250622_104845_817871.jpg,0.010000000000000004
20250622_104845_889400.jpg,0.020000000000000004
20250622_104845_967617.jpg,0.030000000000000006
20250622_104846_547649.jpg,0.04000000000000001
20250622_104846_608054.jpg,0.05000000000000001
20250622_104846_682794.jpg,0.06000000000000001
20250622_104846_792536.jpg,0.07
20250622_104846_865442.jpg,0.08
20250622_104846_942650.jpg,0.09
20250622_104847_022644.jpg,0.09999999999999999
20250622_104847_156021.jpg,0.10999999999999999
20250622_104847_660990.jpg,0.11999999999999998
20250622_104847_772610.jpg,0.12999999999999998
20250622_104847_837747.jpg,0.13999999999999999
20250622_104847_917522.jpg,0.15
20250622_104847_997692.jpg,0.16
20250622_104848_318035.jpg,0.17
20250622_104848_427436.jpg,0.18000000000000002
20250622_104848_502825.jpg,0.19000000000000003
20250622_104848_578704.jpg,0.20000000000000004
20250622_104848_951640.jpg,0.21000000000000005
20250622_104849_070640.jpg,0.22000000000000006
20250622_104849_141474.jpg,0.23000000000000007
20250622_104849_212647.jpg,0.24000000000000007
20250622_104849_287610.jpg,0.25000000000000006
20250622_104849_862732.jpg,0.26000000000000006
20250622_104849_963647.jpg,0.2700000000000001
20250622_104850_097411.jpg,0.2800000000000001
20250622_104850_816172.jpg,0.2900000000000001
20250622_104850_899338.jpg,0.3
20250622_104851_014142.jpg,0.3
20250622_104851_095497.jpg,0.3
20250622_104851_169375.jpg,0.3
20250622_104851_238890.jpg,0.3
20250622_104851_567803.jpg,0.3
20250622_104851_701534.jpg,0.3
20250622_104851_779713.jpg,0.3
20250622_104851_857421.jpg,0.3
20250622_104851_932380.jpg,0.3
20250622_104852_054654.jpg,0.3
20250622_104852_131214.jpg,0.3
20250622_104852_408880.jpg,0.3
20250622_104852_492573.jpg,0.3
20250622_104852_568580.jpg,0.3
20250622_104852_645866.jpg,0.3
20250622_104852_757849.jpg,0.3
20250622_104852_831561.jpg,0.3
20250622_104852_899665.jpg,0.3
20250622_104852_977573.jpg,0.3
20250622_104853_097292.jpg,0.3
20250622_104853_437998.jpg,0.3
20250622_104853_511224.jpg,0.3
20250622_104853_587330.jpg,0.3
20250622_104853_662512.jpg,0.3
20250622_104853_773001.jpg,0.3
20250622_104853_848017.jpg,0.3
20250622_104853_921680.jpg,0.3
20250622_104854_001264.jpg,0.3
20250622_104854_213619.jpg,0.3
20250622_104854_400686.jpg,0.3
20250622_104855_047355.jpg,0.3
20250622_104855_134763.jpg,0.3
20250622_104855_258541.jpg,0.3
20250622_104855_335139.jpg,0.3
20250622_104855_419041.jpg,0.3
20250622_104856_737822.jpg,0.29
20250622_104858_064998.jpg,0.27999999999999997
20250622_104858_130959.jpg,0.26999999999999996
20250622_104858_238576.jpg,0.25999999999999995
20250622_104858_302489.jpg,0.24999999999999994
20250622_104858_363955.jpg,0.23999999999999994
20250622_104858_427683.jpg,0.22999999999999993
20250622_104858_778171.jpg,0.21999999999999992
20250622_104858_847742.jpg,0.2099999999999999
20250622_104858_962841.jpg,0.1999999999999999
20250622_104859_034773.jpg,0.1899999999999999
20250622_104859_104678.jpg,0.17999999999999988
20250622_104859_332490.jpg,0.1899999999999999
20250622_104859_389576.jpg,0.1999999999999999
20250622_104859_630104.jpg,0.1899999999999999
20250622_104859_697779.jpg,0.17999999999999988
20250622_104859_767761.jpg,0.16999999999999987
20250622_104859_834801.jpg,0.15999999999999986
20250622_104859_939733.jpg,0.14999999999999986
20250622_104900_001830.jpg,0.13999999999999985
20250622_104900_092525.jpg,0.12999999999999984
20250622_104900_217680.jpg,0.11999999999999984
20250622_104900_567747.jpg,0.10999999999999985
20250622_104900_742614.jpg,0.09999999999999985
20250622_104900_822559.jpg,0.08999999999999986
20250622_104900_902542.jpg,0.07999999999999986
20250622_104901_040072.jpg,0.06999999999999987
20250622_104901_130241.jpg,0.059999999999999866
20250622_104901_214212.jpg,0.049999999999999864
20250622_104901_341464.jpg,0.03999999999999986
20250622_104901_416396.jpg,0.02999999999999986
20250622_104901_487701.jpg,0.019999999999999858
20250622_104901_547474.jpg,0.009999999999999858
20250622_104901_657860.jpg,-1.4224732503009818e-16
20250622_104901_737732.jpg,-0.010000000000000142
20250622_104901_812441.jpg,-0.020000000000000143
20250622_104902_008507.jpg,-0.030000000000000145
20250622_104902_080406.jpg,-0.04000000000000015
20250622_104902_152446.jpg,-0.05000000000000015
20250622_104902_217767.jpg,-0.06000000000000015
20250622_104902_332992.jpg,-0.07000000000000015
20250622_104902_402609.jpg,-0.08000000000000014
20250622_104902_477575.jpg,-0.09000000000000014
20250622_104902_552497.jpg,-0.10000000000000013
20250622_104902_967705.jpg,-0.11000000000000013
20250622_104903_072035.jpg,-0.12000000000000012
20250622_104903_322308.jpg,-0.13000000000000012
20250622_104903_443425.jpg,-0.14000000000000012
20250622_104903_522634.jpg,-0.15000000000000013
20250622_104903_608973.jpg,-0.16000000000000014
20250622_104903_707709.jpg,-0.17000000000000015
20250622_104903_851012.jpg,-0.18000000000000016
20250622_104903_933136.jpg,-0.19000000000000017
20250622_104904_011562.jpg,-0.20000000000000018
20250622_104904_149659.jpg,-0.2100000000000002
20250622_104904_229738.jpg,-0.2200000000000002
20250622_104904_309737.jpg,-0.2300000000000002
20250622_104904_387535.jpg,-0.2400000000000002
20250622_104904_507852.jpg,-0.2500000000000002
20250622_104904_585035.jpg,-0.26000000000000023
20250622_104904_657895.jpg,-0.27000000000000024
20250622_104904_737037.jpg,-0.28000000000000025
20250622_104904_860863.jpg,-0.29000000000000026
20250622_104904_937447.jpg,-0.3
20250622_104905_013840.jpg,-0.3
20250622_104905_092378.jpg,-0.3
20250622_104905_854458.jpg,-0.29
20250622_104905_922785.jpg,-0.27999999999999997
20250622_104905_987884.jpg,-0.26999999999999996
20250622_104906_061310.jpg,-0.25999999999999995
20250622_104906_347614.jpg,-0.24999999999999994
20250622_104906_437660.jpg,-0.23999999999999994
20250622_104906_671108.jpg,-0.22999999999999993
20250622_104906_756481.jpg,-0.21999999999999992
20250622_104906_898954.jpg,-0.2099999999999999
20250622_104906_977756.jpg,-0.1999999999999999
20250622_104907_059452.jpg,-0.1899999999999999
20250622_104907_327939.jpg,-0.17999999999999988
20250622_104907_392575.jpg,-0.16999999999999987
20250622_104907_508940.jpg,-0.15999999999999986
20250622_104907_579373.jpg,-0.14999999999999986
20250622_104907_647657.jpg,-0.13999999999999985
20250622_104907_717796.jpg,-0.12999999999999984
20250622_104907_832535.jpg,-0.11999999999999984
20250622_104907_907729.jpg,-0.10999999999999985
20250622_104907_987370.jpg,-0.09999999999999985
20250622_104908_407768.jpg,-0.08999999999999986
20250622_104908_518464.jpg,-0.07999999999999986
20250622_104908_592055.jpg,-0.06999999999999987
20250622_104908_667412.jpg,-0.059999999999999866
20250622_104908_977621.jpg,-0.049999999999999864
20250622_104909_042758.jpg,-0.03999999999999986
20250622_104909_570571.jpg,-0.02999999999999986
20250622_104909_637905.jpg,-0.019999999999999858
20250622_104909_707582.jpg,-0.009999999999999858
20250622_104910_235828.jpg,1.4224732503009818e-16
20250622_104910_973429.jpg,0.010000000000000142
20250622_104911_067535.jpg,0.020000000000000143
20250622_104911_211672.jpg,0.030000000000000145
20250622_104912_845844.jpg,0.020000000000000143
20250622_104912_922122.jpg,0.010000000000000142
20250622_104912_994671.jpg,1.4224732503009818e-16
20250622_104914_012884.jpg,-0.009999999999999858
20250622_104914_801362.jpg,-0.019999999999999858
20250622_104914_907541.jpg,-0.02999999999999986
20250622_104914_981889.jpg,-0.03999999999999986
20250622_104915_052965.jpg,-0.049999999999999864
20250622_104915_667545.jpg,-0.059999999999999866
20250622_104915_742818.jpg,-0.06999999999999987
20250622_104915_855684.jpg,-0.07999999999999986
20250622_104915_927718.jpg,-0.08999999999999986
20250622_104919_147991.jpg,-0.07999999999999986
20250622_104926_907943.jpg,-0.06999999999999987
20250622_104928_556316.jpg,-0.059999999999999866
20250622_104930_169070.jpg,-0.049999999999999864
20250622_104931_378109.jpg,-0.03999999999999986
20250622_104931_494824.jpg,-0.02999999999999986
20250622_104936_358556.jpg,-0.03999999999999986
20250622_104936_427965.jpg,-0.049999999999999864
20250622_104936_520459.jpg,-0.059999999999999866
20250622_104937_482773.jpg,-0.06999999999999987
20250622_104937_567544.jpg,-0.07999999999999986
20250622_104937_693645.jpg,-0.08999999999999986
20250622_104938_758540.jpg,-0.09999999999999985
20250622_104940_333548.jpg,-0.08999999999999986
20250622_104940_502613.jpg,-0.07999999999999986
20250622_104941_693874.jpg,-0.06999999999999987
20250622_104941_782834.jpg,-0.059999999999999866
20250622_104941_917630.jpg,-0.049999999999999864
20250622_104943_437951.jpg,-0.03999999999999986
20250622_104943_518249.jpg,-0.02999999999999986
20250622_104944_607851.jpg,-0.019999999999999858
20250622_104944_735603.jpg,-0.009999999999999858
20250622_104944_825652.jpg,1.4224732503009818e-16
20250622_104946_997618.jpg,-0.009999999999999858
20250622_104947_078043.jpg,-0.019999999999999858
20250622_104947_207784.jpg,-0.02999999999999986
20250622_104947_294914.jpg,-0.03999999999999986
20250622_104948_009206.jpg,-0.049999999999999864
20250622_104948_097821.jpg,-0.059999999999999866
20250622_104948_192650.jpg,-0.06999999999999987
20250622_104949_227716.jpg,-0.07999999999999986
20250622_104949_358557.jpg,-0.08999999999999986
20250622_104950_157465.jpg,-0.07999999999999986
20250622_104950_248023.jpg,-0.06999999999999987
20250622_104951_247005.jpg,-0.059999999999999866
20250622_104952_401991.jpg,-0.049999999999999864
20250622_104952_538653.jpg,-0.03999999999999986
20250622_104952_632952.jpg,-0.02999999999999986
20250622_104953_568767.jpg,-0.019999999999999858
20250622_104953_653328.jpg,-0.009999999999999858
20250622_104953_739869.jpg,1.4224732503009818e-16
20250622_104954_887820.jpg,0.010000000000000142
20250622_104959_365041.jpg,1.4224732503009818e-16
20250622_105000_794335.jpg,-0.009999999999999858
20250622_105000_894006.jpg,-0.019999999999999858
20250622_105007_727461.jpg,-0.009999999999999858
20250622_105007_807586.jpg,1.4224732503009818e-16
20250622_105009_115260.jpg,0.010000000000000142
20250622_105010_875536.jpg,0.020000000000000143
20250622_105010_957817.jpg,0.030000000000000145
20250622_105011_037876.jpg,0.04000000000000015
20250622_105012_326506.jpg,0.030000000000000145
20250622_105012_409725.jpg,0.020000000000000143
20250622_105014_049365.jpg,0.010000000000000142
20250622_105014_132191.jpg,1.4224732503009818e-16
20250622_105031_961983.jpg,-0.009999999999999858
20250622_105032_050230.jpg,-0.019999999999999858
20250622_105032_135675.jpg,-0.02999999999999986
20250622_105034_319811.jpg,-0.03999999999999986
20250622_105034_445567.jpg,-0.049999999999999864
20250622_105034_530265.jpg,-0.059999999999999866
20250622_105034_607717.jpg,-0.06999999999999987
20250622_105035_812686.jpg,-0.059999999999999866
20250622_105036_022740.jpg,-0.049999999999999864
20250622_105037_278424.jpg,-0.03999999999999986
20250622_105037_364174.jpg,-0.02999999999999986
20250622_105039_472359.jpg,-0.03999999999999986
20250622_105043_023621.jpg,-0.049999999999999864
20250622_105043_108038.jpg,-0.059999999999999866
20250622_105043_230701.jpg,-0.06999999999999987
20250622_105050_057866.jpg,-0.059999999999999866
20250622_105050_158789.jpg,-0.049999999999999864
20250622_105052_174996.jpg,-0.059999999999999866
20250622_105052_238023.jpg,-0.06999999999999987
20250622_105052_302534.jpg,-0.07999999999999986
20250622_105054_827961.jpg,-0.06999999999999987
20250622_105054_897959.jpg,-0.059999999999999866
20250622_105054_964384.jpg,-0.049999999999999864
20250622_105056_452657.jpg,-0.059999999999999866
20250622_105056_557529.jpg,-0.06999999999999987
20250622_105058_768645.jpg,-0.059999999999999866
20250622_105058_876846.jpg,-0.049999999999999864
20250622_105101_217975.jpg,-0.059999999999999866
20250622_105109_327912.jpg,-0.06999999999999987
20250622_105109_395128.jpg,-0.07999999999999986
20250622_105110_796544.jpg,-0.08999999999999986
20250622_105110_862074.jpg,-0.09999999999999985
20250622_105110_918258.jpg,-0.10999999999999985
20250622_105112_548117.jpg,-0.09999999999999985
20250622_105112_620681.jpg,-0.08999999999999986
20250622_105112_723561.jpg,-0.07999999999999986
20250622_105113_587942.jpg,-0.06999999999999987
20250622_105113_657839.jpg,-0.059999999999999866
20250622_105113_770692.jpg,-0.049999999999999864
20250622_105115_988140.jpg,-0.03999999999999986
20250622_105118_357549.jpg,-0.02999999999999986
20250622_105118_466601.jpg,-0.019999999999999858
20250622_105118_536007.jpg,-0.009999999999999858
20250622_105119_967728.jpg,1.4224732503009818e-16
20250622_105120_028325.jpg,0.010000000000000142
20250622_105122_193400.jpg,1.4224732503009818e-16
20250622_105122_267940.jpg,-0.009999999999999858
20250622_105124_188090.jpg,1.4224732503009818e-16
20250622_105124_257933.jpg,0.010000000000000142
20250622_105127_758121.jpg,1.4224732503009818e-16
20250622_105150_887963.jpg,-0.009999999999999858
20250622_105150_957841.jpg,-0.019999999999999858
20250622_105151_897898.jpg,-0.02999999999999986
20250622_105151_978146.jpg,-0.03999999999999986
20250622_105152_047876.jpg,-0.049999999999999864
20250622_105154_508400.jpg,-0.03999999999999986
20250622_105154_576266.jpg,-0.02999999999999986
20250622_105158_970281.jpg,-0.03999999999999986
20250622_105159_038136.jpg,-0.049999999999999864
20250622_105159_105109.jpg,-0.059999999999999866
20250622_105201_965442.jpg,-0.06999999999999987
20250622_105202_037843.jpg,-0.07999999999999986
20250622_105203_528454.jpg,-0.06999999999999987
20250622_105203_594595.jpg,-0.059999999999999866
20250622_105208_667905.jpg,-0.06999999999999987
20250622_105208_732927.jpg,-0.07999999999999986
20250622_105211_676529.jpg,-0.06999999999999987
20250622_105213_760780.jpg,-0.059999999999999866
20250622_105213_827790.jpg,-0.049999999999999864
20250622_105216_550408.jpg,-0.059999999999999866
20250622_105216_620334.jpg,-0.06999999999999987
20250622_105219_033049.jpg,-0.059999999999999866
20250622_105219_140011.jpg,-0.049999999999999864
20250622_105222_717709.jpg,-0.059999999999999866
20250622_105222_829670.jpg,-0.06999999999999987
20250622_105227_563185.jpg,-0.07999999999999986
20250622_105227_633865.jpg,-0.08999999999999986
20250622_105231_157737.jpg,-0.07999999999999986
20250622_105231_227869.jpg,-0.06999999999999987
20250622_105231_341530.jpg,-0.059999999999999866
20250622_105232_755412.jpg,-0.049999999999999864
20250622_105232_829386.jpg,-0.03999999999999986
20250622_105232_908883.jpg,-0.02999999999999986
20250622_105234_580671.jpg,-0.019999999999999858
20250622_105234_657752.jpg,-0.009999999999999858
20250622_105234_727612.jpg,1.4224732503009818e-16
20250622_105236_077806.jpg,0.010000000000000142
20250622_105236_193219.jpg,0.020000000000000143
20250622_105236_264859.jpg,0.030000000000000145
20250622_105237_168118.jpg,0.04000000000000015
20250622_105237_238084.jpg,0.05000000000000015
20250622_105237_308033.jpg,0.06000000000000015
20250622_105237_388348.jpg,0.07000000000000015
20250622_105238_000686.jpg,0.08000000000000014
20250622_105238_802054.jpg,0.09000000000000014
20250622_105238_892380.jpg,0.10000000000000013
20250622_105240_297776.jpg,0.11000000000000013
20250622_105240_378310.jpg,0.12000000000000012
20250622_105241_433096.jpg,0.13000000000000012
20250622_105241_508023.jpg,0.14000000000000012
20250622_105241_636947.jpg,0.15000000000000013
20250622_105242_125790.jpg,0.16000000000000014
20250622_105242_212113.jpg,0.17000000000000015
20250622_105242_331212.jpg,0.18000000000000016
20250622_105242_407546.jpg,0.19000000000000017
20250622_105243_020164.jpg,0.20000000000000018
20250622_105243_103289.jpg,0.2100000000000002
20250622_105243_181717.jpg,0.2200000000000002
20250622_105243_268287.jpg,0.2300000000000002
20250622_105243_395385.jpg,0.2400000000000002
20250622_105243_479459.jpg,0.2500000000000002
20250622_105243_558402.jpg,0.26000000000000023
20250622_105243_978023.jpg,0.27000000000000024
20250622_105244_098991.jpg,0.28000000000000025
20250622_105244_174217.jpg,0.29000000000000026
20250622_105244_248389.jpg,0.3
20250622_105244_332615.jpg,0.3
20250622_105244_682783.jpg,0.3
20250622_105245_215008.jpg,0.3
20250622_105245_312264.jpg,0.3
20250622_105245_953620.jpg,0.3
20250622_105246_029288.jpg,0.3
20250622_105246_097945.jpg,0.3
20250622_105246_223694.jpg,0.3
20250622_105246_303101.jpg,0.3
20250622_105246_382767.jpg,0.3
20250622_105246_467953.jpg,0.3
20250622_105246_911914.jpg,0.3
20250622_105246_982994.jpg,0.3
20250622_105247_058081.jpg,0.3
20250622_105247_162984.jpg,0.3
20250622_105247_295116.jpg,0.3
20250622_105247_368019.jpg,0.3
20250622_105247_452639.jpg,0.3
20250622_105247_961228.jpg,0.3
20250622_105248_038764.jpg,0.3
20250622_105248_110614.jpg,0.3
20250622_105248_177903.jpg,0.3
20250622_105248_734133.jpg,0.3
20250622_105248_889725.jpg,0.3
20250622_105249_801714.jpg,0.29
20250622_105250_129052.jpg,0.27999999999999997
20250622_105250_209073.jpg,0.26999999999999996
20250622_105250_295727.jpg,0.25999999999999995
20250622_105250_419723.jpg,0.24999999999999994
20250622_105250_558064.jpg,0.23999999999999994
20250622_105250_637756.jpg,0.22999999999999993
20250622_105250_766146.jpg,0.21999999999999992
20250622_105250_852033.jpg,0.2099999999999999
20250622_105250_932927.jpg,0.1999999999999999
20250622_105251_013758.jpg,0.1899999999999999
20250622_105251_562966.jpg,0.17999999999999988
20250622_105251_652866.jpg,0.16999999999999987
20250622_105251_735656.jpg,0.15999999999999986
20250622_105251_862724.jpg,0.14999999999999986
20250622_105251_938124.jpg,0.13999999999999985
20250622_105252_017877.jpg,0.12999999999999984
20250622_105252_212689.jpg,0.11999999999999984
20250622_105252_327625.jpg,0.10999999999999985
20250622_105252_413024.jpg,0.09999999999999985
20250622_105252_537831.jpg,0.08999999999999986
20250622_105252_672712.jpg,0.07999999999999986
20250622_105252_752643.jpg,0.06999999999999987
20250622_105252_885858.jpg,0.059999999999999866
20250622_105252_969216.jpg,0.049999999999999864
20250622_105253_050910.jpg,0.03999999999999986
20250622_105253_133711.jpg,0.02999999999999986
20250622_105253_350407.jpg,0.019999999999999858
20250622_105253_769447.jpg,0.009999999999999858
20250622_105253_868805.jpg,-1.4224732503009818e-16
20250622_105254_030581.jpg,-0.010000000000000142
20250622_105254_387770.jpg,-0.020000000000000143
20250622_105254_467934.jpg,-0.030000000000000145
20250622_105254_542923.jpg,-0.04000000000000015
20250622_105254_675411.jpg,-0.05000000000000015
20250622_105254_753187.jpg,-0.06000000000000015
20250622_105254_835021.jpg,-0.07000000000000015
20250622_105255_154808.jpg,-0.08000000000000014
20250622_105255_227938.jpg,-0.09000000000000014
20250622_105255_361155.jpg,-0.10000000000000013
20250622_105255_434374.jpg,-0.11000000000000013
20250622_105255_511881.jpg,-0.12000000000000012
20250622_105255_578003.jpg,-0.13000000000000012
20250622_105257_821415.jpg,-0.12000000000000012
20250622_105258_880129.jpg,-0.11000000000000013
20250622_105258_948764.jpg,-0.10000000000000013
20250622_105259_059846.jpg,-0.09000000000000014
20250622_105259_131191.jpg,-0.08000000000000014
20250622_105259_197822.jpg,-0.07000000000000015
20250622_105259_277756.jpg,-0.060000000000000143
20250622_105259_758213.jpg,-0.05000000000000014
20250622_105259_827938.jpg,-0.04000000000000014
20250622_105259_897955.jpg,-0.030000000000000138
20250622_105301_352153.jpg,-0.04000000000000014
20250622_105301_431404.jpg,-0.05000000000000014
20250622_105301_511870.jpg,-0.060000000000000143
20250622_105304_764676.jpg,-0.05000000000000014
20250622_105304_828326.jpg,-0.04000000000000014
20250622_105306_005837.jpg,-0.030000000000000138
20250622_105306_078128.jpg,-0.020000000000000136
20250622_105306_148563.jpg,-0.010000000000000136
20250622_105307_048163.jpg,-1.3530843112619095e-16
20250622_105307_117877.jpg,0.009999999999999865
20250622_105307_187897.jpg,0.019999999999999865
20250622_105307_928945.jpg,0.029999999999999867
20250622_105307_999062.jpg,0.03999999999999987
20250622_105308_067817.jpg,0.04999999999999987
20250622_105308_135630.jpg,0.05999999999999987
20250622_105308_647942.jpg,0.06999999999999987
20250622_105308_727665.jpg,0.07999999999999986
20250622_105308_882860.jpg,0.08999999999999986
20250622_105309_164603.jpg,0.07999999999999986
20250622_105309_367520.jpg,0.06999999999999987
20250622_105309_460903.jpg,0.059999999999999866
20250622_105309_969296.jpg,0.049999999999999864
20250622_105310_048043.jpg,0.03999999999999986
20250622_105310_122661.jpg,0.02999999999999986
20250622_105310_201036.jpg,0.019999999999999858
20250622_105310_323523.jpg,0.009999999999999858
20250622_105310_399355.jpg,-1.4224732503009818e-16
20250622_105310_472762.jpg,-0.010000000000000142
20250622_105310_551601.jpg,-0.020000000000000143
20250622_105310_661144.jpg,-0.030000000000000145
20250622_105310_995319.jpg,-0.04000000000000015
20250622_105311_066487.jpg,-0.05000000000000015
20250622_105311_133295.jpg,-0.06000000000000015
20250622_105311_207667.jpg,-0.07000000000000015
20250622_105311_329019.jpg,-0.08000000000000014
20250622_105311_404840.jpg,-0.09000000000000014
20250622_105311_482748.jpg,-0.10000000000000013
20250622_105311_863297.jpg,-0.11000000000000013
20250622_105311_964626.jpg,-0.12000000000000012
20250622_105312_138927.jpg,-0.13000000000000012
20250622_105312_337464.jpg,-0.14000000000000012
20250622_105312_889762.jpg,-0.15000000000000013
20250622_105312_997593.jpg,-0.16000000000000014
20250622_105313_118323.jpg,-0.17000000000000015
20250622_105313_198036.jpg,-0.18000000000000016
20250622_105313_269540.jpg,-0.19000000000000017
20250622_105314_637851.jpg,-0.18000000000000016
20250622_105314_752570.jpg,-0.17000000000000015
20250622_105314_827941.jpg,-0.16000000000000014
20250622_105314_898125.jpg,-0.15000000000000013
20250622_105314_977962.jpg,-0.14000000000000012
20250622_105315_547611.jpg,-0.13000000000000012
20250622_105315_677760.jpg,-0.12000000000000012
20250622_105316_563320.jpg,-0.11000000000000013
20250622_105316_657383.jpg,-0.10000000000000013
20250622_105316_798904.jpg,-0.09000000000000014
20250622_105317_539869.jpg,-0.08000000000000014
20250622_105317_615126.jpg,-0.07000000000000015
20250622_105317_726943.jpg,-0.060000000000000143
20250622_105334_248255.jpg,-0.07000000000000015
20250622_105339_171516.jpg,-0.060000000000000143
20250622_105339_256676.jpg,-0.05000000000000014
20250622_105339_338027.jpg,-0.04000000000000014
20250622_105342_664497.jpg,-0.030000000000000138
20250622_105342_749844.jpg,-0.020000000000000136
20250622_105345_168150.jpg,-0.010000000000000136
20250622_105346_777810.jpg,-1.3530843112619095e-16
20250622_105349_403664.jpg,0.009999999999999865
20250622_105349_517986.jpg,0.019999999999999865
20250622_105350_408007.jpg,0.009999999999999865
20250622_105352_317997.jpg,-1.3530843112619095e-16
20250622_105354_935008.jpg,-0.010000000000000136
20250622_105359_814568.jpg,-1.3530843112619095e-16
20250622_105359_899865.jpg,0.009999999999999865
20250622_105402_434055.jpg,-1.3530843112619095e-16
20250622_105402_523321.jpg,-0.010000000000000136
20250622_105416_539918.jpg,-1.3530843112619095e-16
20250622_105416_608317.jpg,0.009999999999999865
20250622_105416_718077.jpg,0.019999999999999865
20250622_105416_839984.jpg,0.029999999999999867
20250622_105416_918428.jpg,0.03999999999999987
20250622_105416_988225.jpg,0.04999999999999987
20250622_105417_437722.jpg,0.05999999999999987
20250622_105417_557932.jpg,0.06999999999999987
20250622_105418_427752.jpg,0.07999999999999986
20250622_105419_298654.jpg,0.06999999999999987
20250622_105419_377892.jpg,0.059999999999999866
20250622_105419_770436.jpg,0.049999999999999864
20250622_105419_847606.jpg,0.03999999999999986
20250622_105419_972662.jpg,0.02999999999999986
20250622_105420_058350.jpg,0.019999999999999858
20250622_105420_750964.jpg,0.009999999999999858
20250622_105421_742904.jpg,-1.4224732503009818e-16
20250622_105423_123869.jpg,-0.010000000000000142
20250622_105423_204199.jpg,-0.020000000000000143
20250622_105426_258108.jpg,-0.010000000000000142
20250622_105433_044899.jpg,-1.4224732503009818e-16
20250622_105433_120182.jpg,0.009999999999999858
20250622_105433_197946.jpg,0.019999999999999858
20250622_105433_773868.jpg,0.02999999999999986
20250622_105433_847864.jpg,0.03999999999999986
20250622_105434_948106.jpg,0.02999999999999986
20250622_105435_082630.jpg,0.019999999999999858
20250622_105435_947907.jpg,0.009999999999999858
20250622_105436_632644.jpg,-1.4224732503009818e-16
20250622_105436_757715.jpg,-0.010000000000000142
20250622_105437_569605.jpg,-0.020000000000000143
20250622_105437_637950.jpg,-0.030000000000000145
20250622_105438_573025.jpg,-0.020000000000000143
20250622_105438_978090.jpg,-0.010000000000000142
20250622_105439_413057.jpg,-1.4224732503009818e-16
20250622_105439_487931.jpg,0.009999999999999858
20250622_105441_547946.jpg,-1.4224732503009818e-16
20250622_105442_967761.jpg,-0.010000000000000142
20250622_105444_717849.jpg,-1.4224732503009818e-16
20250622_105444_812460.jpg,0.009999999999999858
20250622_105447_787926.jpg,-1.4224732503009818e-16
20250622_105448_538075.jpg,-0.010000000000000142
20250622_105448_618014.jpg,-0.020000000000000143
20250622_105451_246687.jpg,-0.010000000000000142
20250622_105451_323842.jpg,-1.4224732503009818e-16
20250622_105451_982771.jpg,0.009999999999999858
20250622_105452_058020.jpg,0.019999999999999858
20250622_105453_338105.jpg,0.009999999999999858
20250622_105453_414261.jpg,-1.4224732503009818e-16
20250622_105539_568446.jpg,-0.010000000000000142
20250622_105539_638329.jpg,-0.020000000000000143
20250622_105539_697946.jpg,-0.030000000000000145
20250622_105541_271106.jpg,-0.04000000000000015
20250622_105541_337857.jpg,-0.05000000000000015
20250622_105541_412908.jpg,-0.06000000000000015
20250622_105542_247954.jpg,-0.05000000000000015
20250622_105542_307891.jpg,-0.04000000000000015
20250622_105542_367975.jpg,-0.030000000000000145
20250622_105545_598645.jpg,-0.04000000000000015
20250622_105545_658396.jpg,-0.05000000000000015
20250622_105545_717785.jpg,-0.06000000000000015
20250622_105546_397974.jpg,-0.07000000000000015
20250622_105546_504223.jpg,-0.08000000000000014
20250622_105546_566649.jpg,-0.09000000000000014
20250622_105546_627904.jpg,-0.10000000000000013
20250622_105547_977649.jpg,-0.09000000000000014
20250622_105548_036645.jpg,-0.08000000000000014
20250622_105550_087928.jpg,-0.07000000000000015
20250622_105550_190870.jpg,-0.060000000000000143
20250622_105555_428071.jpg,-0.05000000000000014
20250622_105555_488273.jpg,-0.04000000000000014
20250622_105556_279489.jpg,-0.05000000000000014
20250622_105556_342703.jpg,-0.060000000000000143
20250622_105558_767971.jpg,-0.07000000000000015
20250622_105558_868241.jpg,-0.08000000000000014
20250622_105600_892133.jpg,-0.07000000000000015
20250622_105612_338506.jpg,-0.060000000000000143
20250622_105612_406077.jpg,-0.05000000000000014
20250622_105613_761915.jpg,-0.04000000000000014
20250622_105613_824659.jpg,-0.030000000000000138
20250622_105615_051576.jpg,-0.04000000000000014
20250622_105615_116772.jpg,-0.05000000000000014
20250622_105618_948308.jpg,-0.04000000000000014
20250622_105619_055380.jpg,-0.030000000000000138
20250622_105619_119017.jpg,-0.020000000000000136
20250622_105619_918423.jpg,-0.010000000000000136
20250622_105619_987907.jpg,-1.3530843112619095e-16
20250622_105645_024053.jpg,0.009999999999999865
20250622_105645_094741.jpg,0.019999999999999865
20250622_105645_907920.jpg,0.009999999999999865
20250622_105646_015340.jpg,-1.3530843112619095e-16
20250622_105646_088090.jpg,-0.010000000000000136
20250622_105646_689321.jpg,-0.020000000000000136
20250622_105646_755776.jpg,-0.030000000000000138
20250622_105646_818320.jpg,-0.04000000000000014
20250622_105647_773125.jpg,-0.030000000000000138
20250622_105647_839623.jpg,-0.020000000000000136
20250622_105649_295458.jpg,-0.010000000000000136
20250622_105650_557836.jpg,-1.3530843112619095e-16
20250622_105650_628278.jpg,0.009999999999999865
20250622_105651_782784.jpg,-1.3530843112619095e-16
20250622_105659_427854.jpg,0.009999999999999865
20250622_105659_494310.jpg,0.019999999999999865
20250622_105700_278074.jpg,0.009999999999999865
20250622_105701_913273.jpg,-1.3530843112619095e-16
20250622_105701_982998.jpg,-0.010000000000000136
20250622_105704_200884.jpg,-1.3530843112619095e-16
20250622_105738_788298.jpg,0.009999999999999865
20250622_105738_858194.jpg,0.019999999999999865
20250622_105739_743132.jpg,0.009999999999999865
20250622_105739_802978.jpg,-1.3530843112619095e-16
20250622_105821_518191.jpg,-0.010000000000000136
20250622_105822_102266.jpg,-1.3530843112619095e-16
20250622_105822_166092.jpg,0.009999999999999865
20250622_105823_279987.jpg,-1.3530843112619095e-16
20250622_105823_348206.jpg,-0.010000000000000136
20250622_105823_442910.jpg,-0.020000000000000136
20250622_105823_513011.jpg,-0.030000000000000138
20250622_105823_613101.jpg,-0.04000000000000014
20250622_105826_708034.jpg,-0.030000000000000138
20250622_105826_771185.jpg,-0.020000000000000136
20250622_105827_788221.jpg,-0.030000000000000138
20250622_105827_858113.jpg,-0.04000000000000014
20250622_105829_033327.jpg,-0.05000000000000014
20250622_105829_096980.jpg,-0.060000000000000143
20250622_105832_437974.jpg,-0.05000000000000014
20250622_105832_499890.jpg,-0.04000000000000014
20250622_105833_787940.jpg,-0.05000000000000014
20250622_105833_854623.jpg,-0.060000000000000143
20250622_105840_769777.jpg,-0.07000000000000015
20250622_105853_508461.jpg,-0.060000000000000143
20250622_105853_607988.jpg,-0.05000000000000014
20250622_105859_466379.jpg,-0.04000000000000014
20250622_105859_520278.jpg,-0.030000000000000138
20250622_105859_588204.jpg,-0.020000000000000136
20250622_105900_135796.jpg,-0.030000000000000138
20250622_105900_198312.jpg,-0.04000000000000014
20250622_105900_260374.jpg,-0.05000000000000014
20250622_105901_125801.jpg,-0.060000000000000143
20250622_105901_198057.jpg,-0.07000000000000015
20250622_105902_853219.jpg,-0.060000000000000143
20250622_105903_748061.jpg,-0.05000000000000014
20250622_105903_818206.jpg,-0.04000000000000014
20250622_105904_938478.jpg,-0.030000000000000138
20250622_105905_000861.jpg,-0.020000000000000136
20250622_105907_758242.jpg,-0.010000000000000136
20250622_105910_263759.jpg,-1.3530843112619095e-16
